<?xml version="1.0" encoding="UTF-8"?>
<Entities>
	<ExtensionPackages>
		<ExtensionPackage  vendor="Community" packageVersion="0.0.5" name="googleCharts_ExtensionPackage"
			minimumThingWorxVersion="8.0.0" description="Extension to access google Chart tools" dependsOn="">
		</ExtensionPackage>
	</ExtensionPackages>
	<Widgets>
		<Widget name="ganttChart">
			<UIResources>
				<!-- Studio ONLY -->
				<FileResource type="CSS" file="ganttChart.ide.css" description="" isDevelopment="true" isRuntime="false" />
				<FileResource type="JS"  file="ganttChart.ide.js"  description="" isDevelopment="true" isRuntime="false" />
				<!-- Runtime/Squeal ONLY -->
				<FileResource type="CSS" file="ganttChart.runtime.css" description="" isDevelopment="true" isRuntime="false" />
				<FileResource type="JS"  file="ganttChart.runtime.js"  description="" isDevelopment="true" isRuntime="false" />
				<FileResource type="JS"  url="https://www.gstatic.com/charts/loader.js" description="" isDevelopment="false" isRuntime="true" />
			</UIResources>	
		</Widget>
		<Widget name="timelineChart">
			<UIResources>
				<!-- Studio ONLY -->
				<FileResource type="CSS" file="timelineChart.ide.css" description="" isDevelopment="true" isRuntime="false" />
				<FileResource type="JS"  file="timelineChart.ide.js"  description="" isDevelopment="true" isRuntime="false" />
				<!-- Runtime/Squeal ONLY -->
				<FileResource type="CSS" file="timelineChart.runtime.css" description="" isDevelopment="false" isRuntime="true" />
				<FileResource type="JS"  file="timelineChart.runtime.js"  description="" isDevelopment="false" isRuntime="true" />
			    <FileResource type="JS"  url="https://www.gstatic.com/charts/loader.js" description="" isDevelopment="false" isRuntime="true" />
			</UIResources>
		</Widget>	
	</Widgets>
</Entities>
