<?xml version="1.0" encoding="UTF-8"?>
<Entities
 build="b140"
 majorVersion="8"
 minorVersion="2"
 modelPersistenceProviderPackage="PostgresPersistenceProviderPackage"
 revision="1"
 schemaVersion="1020"
 universal="">
    <Things>
        <Thing
         description=""
         documentationContent=""
         effectiveThingPackage="ConfiguredThing"
         enabled="true"
         homeMashup=""
         identifier=""
         lastModifiedDate="2018-03-20T14:54:13.220+02:00"
         name="GanttChartTestThing"
         projectName=""
         published="false"
         tags="Applications:GanttChart"
         thingTemplate="GenericThing"
         valueStream="">
            <avatar></avatar>
            <DesignTimePermissions>
                <Create></Create>
                <Read></Read>
                <Update></Update>
                <Delete></Delete>
                <Metadata></Metadata>
            </DesignTimePermissions>
            <RunTimePermissions></RunTimePermissions>
            <VisibilityPermissions>
                <Visibility></Visibility>
            </VisibilityPermissions>
            <ConfigurationTables></ConfigurationTables>
            <ThingShape>
                <PropertyDefinitions>
                    <PropertyDefinition
                     aspect.cacheTime="0.0"
                     aspect.dataChangeType="VALUE"
                     aspect.dataShape="GanttChartData"
                     aspect.isLogged="false"
                     aspect.isPersistent="true"
                     aspect.isReadOnly="false"
                     baseType="INFOTABLE"
                     category=""
                     description=""
                     isLocalOnly="false"
                     name="GanttChartData"
                     ordinal="1"></PropertyDefinition>
                </PropertyDefinitions>
                <ServiceDefinitions>
                </ServiceDefinitions>
                <EventDefinitions></EventDefinitions>
                <ServiceMappings></ServiceMappings>
                <ServiceImplementations>
                </ServiceImplementations>
                <Subscriptions></Subscriptions>
            </ThingShape>
            <PropertyBindings></PropertyBindings>
            <RemotePropertyBindings></RemotePropertyBindings>
            <RemoteServiceBindings></RemoteServiceBindings>
            <RemoteEventBindings></RemoteEventBindings>
            <AlertConfigurations>
                <AlertDefinitions
                 name="GanttChartData"></AlertDefinitions>
            </AlertConfigurations>
            <ImplementedShapes></ImplementedShapes>
            <ThingProperties>
                <GanttChartData>
                    <Value>
                        <infoTable>
                            <DataShape>
                                <FieldDefinitions>
                                    <FieldDefinition
                                     baseType="NUMBER"
                                     description=""
                                     name="duration"
                                     ordinal="8"></FieldDefinition>
                                    <FieldDefinition
                                     baseType="DATETIME"
                                     description=""
                                     name="end"
                                     ordinal="4"></FieldDefinition>
                                    <FieldDefinition
                                     baseType="STRING"
                                     description=""
                                     name="id"
                                     ordinal="1"></FieldDefinition>
                                    <FieldDefinition
                                     baseType="STRING"
                                     description=""
                                     name="name"
                                     ordinal="2"></FieldDefinition>
                                    <FieldDefinition
                                     baseType="NUMBER"
                                     description=""
                                     name="percentage"
                                     ordinal="5"></FieldDefinition>
                                    <FieldDefinition
                                     baseType="STRING"
                                     description=""
                                     name="relationships"
                                     ordinal="7"></FieldDefinition>
                                    <FieldDefinition
                                     baseType="STRING"
                                     description=""
                                     name="resource"
                                     ordinal="6"></FieldDefinition>
                                    <FieldDefinition
                                     baseType="DATETIME"
                                     description=""
                                     name="start"
                                     ordinal="3"></FieldDefinition>
                                </FieldDefinitions>
                            </DataShape>
                            <Rows>
                                <Row>
                                    <duration>0.0</duration>
                                    <end>2017-09-05T11:55:34.000+03:00</end>
                                    <id>
                                    <![CDATA[
                                    1
                                    ]]>
                                    </id>
                                    <name>
                                    <![CDATA[
                                    Find sources
                                    ]]>
                                    </name>
                                    <percentage>100.0</percentage>
                                    <relationships></relationships>
                                    <resource></resource>
                                    <start>2017-09-01T11:55:29.000+03:00</start>
                                </Row>
                                <Row>
                                    <duration>0.0</duration>
                                    <end>2017-09-14T11:55:45.000+03:00</end>
                                    <id>
                                    <![CDATA[
                                    2
                                    ]]>
                                    </id>
                                    <name>
                                    <![CDATA[
                                    Write content
                                    ]]>
                                    </name>
                                    <percentage>20.0</percentage>
                                    <relationships></relationships>
                                    <resource>
                                    <![CDATA[
                                    write
                                    ]]>
                                    </resource>
                                    <start>2017-09-02T11:55:38.000+03:00</start>
                                </Row>
                                <Row>
                                    <duration>0.0</duration>
                                    <end>2017-09-17T11:55:53.000+03:00</end>
                                    <id>
                                    <![CDATA[
                                    3
                                    ]]>
                                    </id>
                                    <name>
                                    <![CDATA[
                                    Create bibliography
                                    ]]>
                                    </name>
                                    <percentage>50.0</percentage>
                                    <relationships></relationships>
                                    <resource>
                                    <![CDATA[
                                    write
                                    ]]>
                                    </resource>
                                    <start>2017-09-14T11:55:48.000+03:00</start>
                                </Row>
                                <Row>
                                    <duration>0.0</duration>
                                    <end>2017-09-27T11:55:58.000+03:00</end>
                                    <id>
                                    <![CDATA[
                                    4
                                    ]]>
                                    </id>
                                    <name>
                                    <![CDATA[
                                    Write summary
                                    ]]>
                                    </name>
                                    <percentage>30.0</percentage>
                                    <relationships>
                                    <![CDATA[
                                    1,3
                                    ]]>
                                    </relationships>
                                    <resource>
                                    <![CDATA[
                                    write
                                    ]]>
                                    </resource>
                                    <start>2017-09-20T11:55:56.000+03:00</start>
                                </Row>
                                <Row>
                                    <duration>0.0</duration>
                                    <end>2017-09-30T11:56:03.000+03:00</end>
                                    <id>
                                    <![CDATA[
                                    5
                                    ]]>
                                    </id>
                                    <name>
                                    <![CDATA[
                                    Hand in paper
                                    ]]>
                                    </name>
                                    <percentage>0.0</percentage>
                                    <relationships></relationships>
                                    <resource>
                                    <![CDATA[
                                    complete
                                    ]]>
                                    </resource>
                                    <start>2017-09-12T11:56:00.000+03:00</start>
                                </Row>
                            </Rows>
                        </infoTable>
                    </Value>
                    <Timestamp>2018-03-20T14:40:22.692+02:00</Timestamp>
                    <Quality>GOOD</Quality>
                </GanttChartData>
            </ThingProperties>
        </Thing>
    </Things>
</Entities>
