<?xml version="1.0" encoding="UTF-8" standalone="no"?><Entities build="b2219" majorVersion="8" minorVersion="4" modelPersistenceProviderPackage="H2PersistenceProviderPackage" revision="3" schemaVersion="1041" universal=""><StyleDefinitions><StyleDefinition description="" documentationContent="" homeMashup="" lastModifiedDate="2019-12-04T16:56:44.129-05:00" name="DefaultTimelineBackgroundStyle" projectName="GoogleChart_project" tags=""><Owner name="SuperUser" type="User"/><DesignTimePermissions><Create/><Read/><Update/><Delete/><Metadata/></DesignTimePermissions><RunTimePermissions/><VisibilityPermissions><Visibility/></VisibilityPermissions><ConfigurationTableDefinitions/><ConfigurationTables/><content><![CDATA[{
  "backgroundColor" : "rgba(255,255,255,1)",
  "displayString" : "Default TImeline Background Style",
  "fontEmphasisBold" : false,
  "fontEmphasisItalic" : false,
  "fontEmphasisUnderline" : false,
  "foregroundColor" : "",
  "image" : "",
  "lineColor" : "",
  "lineStyle" : "solid",
  "lineThickness" : 1,
  "secondaryBackgroundColor" : "",
  "textSize" : "normal"
}]]></content><ConfigurationChanges><ConfigurationChange changeAction="CREATE" changeReason="header : name : updated&#10;" timestamp="2019-12-04T16:54:20.283-05:00" user="SuperUser"/><ConfigurationChange changeAction="MODIFY" changeReason="style : displayString : updated, backgroundColor : updated&#10;" timestamp="2019-12-04T16:55:23.552-05:00" user="SuperUser"/><ConfigurationChange changeAction="MODIFY" changeReason="header : projectName : updated&#10;" timestamp="2019-12-04T16:56:44.129-05:00" user="SuperUser"/></ConfigurationChanges></StyleDefinition>
<StyleDefinition description="Default Timeline Bar Color Style 5" documentationContent="" homeMashup="" lastModifiedDate="2019-12-04T17:03:42.037-05:00" name="DefaultTimelineBarColorStyle5" projectName="GoogleChart_project" tags=""><Owner name="SuperUser" type="User"/><DesignTimePermissions><Create/><Read/><Update/><Delete/><Metadata/></DesignTimePermissions><RunTimePermissions/><VisibilityPermissions><Visibility/></VisibilityPermissions><ConfigurationTableDefinitions/><ConfigurationTables/><content><![CDATA[{
  "backgroundColor" : "rgba(27,60,132,1)",
  "displayString" : "Default Timeline Bar Color Style 5",
  "fontEmphasisBold" : false,
  "fontEmphasisItalic" : false,
  "fontEmphasisUnderline" : false,
  "foregroundColor" : "",
  "image" : "",
  "lineColor" : "",
  "lineStyle" : "solid",
  "lineThickness" : 1,
  "secondaryBackgroundColor" : "rgba(27,60,132,1)",
  "textSize" : "normal"
}]]></content><ConfigurationChanges><ConfigurationChange changeAction="CREATE" changeReason="header : name : updated, description : updated, projectName : updated&#10;" timestamp="2019-12-04T17:03:18.155-05:00" user="SuperUser"/><ConfigurationChange changeAction="MODIFY" changeReason="style : displayString : updated, backgroundColor : updated, secondaryBackgroundColor : updated&#10;" timestamp="2019-12-04T17:03:42.037-05:00" user="SuperUser"/></ConfigurationChanges></StyleDefinition>
<StyleDefinition description="Default Timeline Bar Color Style 4" documentationContent="" homeMashup="" lastModifiedDate="2019-12-04T17:04:38.546-05:00" name="DefaultTimelineBarColorStyle6" projectName="GoogleChart_project" tags=""><Owner name="SuperUser" type="User"/><DesignTimePermissions><Create/><Read/><Update/><Delete/><Metadata/></DesignTimePermissions><RunTimePermissions/><VisibilityPermissions><Visibility/></VisibilityPermissions><ConfigurationTableDefinitions/><ConfigurationTables/><content><![CDATA[{
  "backgroundColor" : "rgba(192,192,192,1)",
  "displayString" : "Default Timeline Bar Color Style 6",
  "fontEmphasisBold" : false,
  "fontEmphasisItalic" : false,
  "fontEmphasisUnderline" : false,
  "foregroundColor" : "",
  "image" : "",
  "lineColor" : "",
  "lineStyle" : "solid",
  "lineThickness" : 1,
  "secondaryBackgroundColor" : "rgba(91,183,59,1)",
  "textSize" : "normal"
}]]></content><ConfigurationChanges><ConfigurationChange changeAction="CREATE" changeReason="header : name : updated, description : updated, projectName : updated&#10;" timestamp="2019-12-04T17:04:18.534-05:00" user="SuperUser"/><ConfigurationChange changeAction="MODIFY" changeReason="style : backgroundColor : updated, secondaryBackgroundColor : updated, displayString : updated&#10;" timestamp="2019-12-04T17:04:38.546-05:00" user="SuperUser"/></ConfigurationChanges></StyleDefinition>
<StyleDefinition description="Default Timeline Bar Color Style 3" documentationContent="" homeMashup="" lastModifiedDate="2019-12-04T17:02:00.380-05:00" name="DefaultTimelineBarColorStyle3" projectName="GoogleChart_project" tags=""><Owner name="SuperUser" type="User"/><DesignTimePermissions><Create/><Read/><Update/><Delete/><Metadata/></DesignTimePermissions><RunTimePermissions/><VisibilityPermissions><Visibility/></VisibilityPermissions><ConfigurationTableDefinitions/><ConfigurationTables/><content><![CDATA[{
  "backgroundColor" : "rgba(191,48,48,1)",
  "displayString" : "",
  "fontEmphasisBold" : false,
  "fontEmphasisItalic" : false,
  "fontEmphasisUnderline" : false,
  "foregroundColor" : "",
  "image" : "",
  "lineColor" : "",
  "lineStyle" : "solid",
  "lineThickness" : 1,
  "secondaryBackgroundColor" : "rgba(191,48,48,1)",
  "textSize" : "normal"
}]]></content><ConfigurationChanges><ConfigurationChange changeAction="CREATE" changeReason="header : name : updated, description : updated, projectName : updated&#10;" timestamp="2019-12-04T17:00:19.380-05:00" user="SuperUser"/><ConfigurationChange changeAction="MODIFY" changeReason="style : backgroundColor : updated, secondaryBackgroundColor : updated&#10;" timestamp="2019-12-04T17:02:00.380-05:00" user="SuperUser"/></ConfigurationChanges></StyleDefinition>
<StyleDefinition description="Default Timeline Bar Color Style 4" documentationContent="" homeMashup="" lastModifiedDate="2019-12-04T17:02:26.165-05:00" name="DefaultTimelineBarColorStyle4" projectName="GoogleChart_project" tags=""><Owner name="SuperUser" type="User"/><DesignTimePermissions><Create/><Read/><Update/><Delete/><Metadata/></DesignTimePermissions><RunTimePermissions/><VisibilityPermissions><Visibility/></VisibilityPermissions><ConfigurationTableDefinitions/><ConfigurationTables/><content><![CDATA[{
  "backgroundColor" : "rgba(51,153,255,1)",
  "displayString" : "",
  "fontEmphasisBold" : false,
  "fontEmphasisItalic" : false,
  "fontEmphasisUnderline" : false,
  "foregroundColor" : "",
  "image" : "",
  "lineColor" : "",
  "lineStyle" : "solid",
  "lineThickness" : 1,
  "secondaryBackgroundColor" : "rgba(51,153,255,1)",
  "textSize" : "normal"
}]]></content><ConfigurationChanges><ConfigurationChange changeAction="CREATE" changeReason="header : name : updated, description : updated, projectName : updated&#10;" timestamp="2019-12-04T17:00:55.150-05:00" user="SuperUser"/><ConfigurationChange changeAction="MODIFY" changeReason="style : backgroundColor : updated, secondaryBackgroundColor : updated&#10;" timestamp="2019-12-04T17:02:26.165-05:00" user="SuperUser"/></ConfigurationChanges></StyleDefinition>
<StyleDefinition description="Default Timeline Bar Color Style 1" documentationContent="" homeMashup="" lastModifiedDate="2019-12-04T17:02:03.598-05:00" name="DefaultTimelineBarColorStyle1" projectName="GoogleChart_project" tags=""><Owner name="SuperUser" type="User"/><DesignTimePermissions><Create/><Read/><Update/><Delete/><Metadata/></DesignTimePermissions><RunTimePermissions/><VisibilityPermissions><Visibility/></VisibilityPermissions><ConfigurationTableDefinitions/><ConfigurationTables/><content><![CDATA[{
  "backgroundColor" : "rgba(102,204,51,1)",
  "displayString" : "",
  "fontEmphasisBold" : false,
  "fontEmphasisItalic" : false,
  "fontEmphasisUnderline" : false,
  "foregroundColor" : "",
  "image" : "",
  "lineColor" : "",
  "lineStyle" : "solid",
  "lineThickness" : 1,
  "secondaryBackgroundColor" : "rgba(102,204,51,1)",
  "textSize" : "normal"
}]]></content><ConfigurationChanges><ConfigurationChange changeAction="CREATE" changeReason="header : name : updated, description : updated, projectName : updated&#10;" timestamp="2019-12-04T16:58:32.208-05:00" user="SuperUser"/><ConfigurationChange changeAction="MODIFY" changeReason="style : backgroundColor : updated&#10;" timestamp="2019-12-04T16:58:46.549-05:00" user="SuperUser"/><ConfigurationChange changeAction="MODIFY" changeReason="style : secondaryBackgroundColor : updated&#10;" timestamp="2019-12-04T17:02:03.598-05:00" user="SuperUser"/></ConfigurationChanges></StyleDefinition>
<StyleDefinition description="Default Timeline Bar Color Style 2" documentationContent="" homeMashup="" lastModifiedDate="2019-12-04T17:01:31.113-05:00" name="DefaultTimelineBarColorStyle2" projectName="GoogleChart_project" tags=""><Owner name="SuperUser" type="User"/><DesignTimePermissions><Create/><Read/><Update/><Delete/><Metadata/></DesignTimePermissions><RunTimePermissions/><VisibilityPermissions><Visibility/></VisibilityPermissions><ConfigurationTableDefinitions/><ConfigurationTables/><content><![CDATA[{
  "backgroundColor" : "",
  "displayString" : "",
  "fontEmphasisBold" : false,
  "fontEmphasisItalic" : false,
  "fontEmphasisUnderline" : false,
  "foregroundColor" : "",
  "image" : "",
  "lineColor" : "",
  "lineStyle" : "solid",
  "lineThickness" : 1,
  "secondaryBackgroundColor" : "rgba(249,239,107,1)",
  "textSize" : "normal"
}]]></content><ConfigurationChanges><ConfigurationChange changeAction="CREATE" changeReason="header : name : updated, description : updated, projectName : updated&#10;" timestamp="2019-12-04T16:59:25.484-05:00" user="SuperUser"/><ConfigurationChange changeAction="MODIFY" changeReason="style : secondaryBackgroundColor : updated&#10;" timestamp="2019-12-04T17:01:31.113-05:00" user="SuperUser"/></ConfigurationChanges></StyleDefinition>
<StyleDefinition description="Default Timeline Bar Color Style 7" documentationContent="" homeMashup="" lastModifiedDate="2019-12-04T17:05:44.824-05:00" name="DefaultTimelineBarColorStyle7" projectName="GoogleChart_project" tags=""><Owner name="SuperUser" type="User"/><DesignTimePermissions><Create/><Read/><Update/><Delete/><Metadata/></DesignTimePermissions><RunTimePermissions/><VisibilityPermissions><Visibility/></VisibilityPermissions><ConfigurationTableDefinitions/><ConfigurationTables/><content><![CDATA[{
  "backgroundColor" : "rgba(245,107,240,1)",
  "displayString" : "",
  "fontEmphasisBold" : false,
  "fontEmphasisItalic" : false,
  "fontEmphasisUnderline" : false,
  "foregroundColor" : "",
  "image" : "",
  "lineColor" : "",
  "lineStyle" : "solid",
  "lineThickness" : 1,
  "secondaryBackgroundColor" : "rgba(242,167,246,1)",
  "textSize" : "normal"
}]]></content><ConfigurationChanges><ConfigurationChange changeAction="CREATE" changeReason="header : name : updated, description : updated, projectName : updated&#10;" timestamp="2019-12-04T17:05:11.020-05:00" user="SuperUser"/><ConfigurationChange changeAction="MODIFY" changeReason="style : backgroundColor : updated, secondaryBackgroundColor : updated&#10;" timestamp="2019-12-04T17:05:44.824-05:00" user="SuperUser"/></ConfigurationChanges></StyleDefinition>
<StyleDefinition description="Default Timeline Bar Color Style 7" documentationContent="" homeMashup="" lastModifiedDate="2019-12-04T17:06:51.009-05:00" name="DefaultTimelineBarColorStyle8" projectName="GoogleChart_project" tags=""><Owner name="SuperUser" type="User"/><DesignTimePermissions><Create/><Read/><Update/><Delete/><Metadata/></DesignTimePermissions><RunTimePermissions/><VisibilityPermissions><Visibility/></VisibilityPermissions><ConfigurationTableDefinitions/><ConfigurationTables/><content><![CDATA[{
  "backgroundColor" : "rgba(244,219,52,1)",
  "displayString" : "Default Timeline Bar Color Style 8",
  "fontEmphasisBold" : false,
  "fontEmphasisItalic" : false,
  "fontEmphasisUnderline" : false,
  "foregroundColor" : "",
  "image" : "",
  "lineColor" : "",
  "lineStyle" : "solid",
  "lineThickness" : 1,
  "secondaryBackgroundColor" : "rgba(218,215,22,1)",
  "textSize" : "normal"
}]]></content><ConfigurationChanges><ConfigurationChange changeAction="CREATE" changeReason="header : name : updated, description : updated, projectName : updated&#10;" timestamp="2019-12-04T17:06:18.375-05:00" user="SuperUser"/><ConfigurationChange changeAction="MODIFY" changeReason="style : displayString : updated, backgroundColor : updated, secondaryBackgroundColor : updated&#10;" timestamp="2019-12-04T17:06:51.009-05:00" user="SuperUser"/></ConfigurationChanges></StyleDefinition></StyleDefinitions></Entities>